timestamp,elapsed_s,temp_c,pressure_pa,altitude_m,pitch_deg,roll_deg,throttle
2026-05-23T23:42:01.869595,0.102,31.81,100883.16,0.220,1.38,1.67,1023
2026-05-23T23:42:01.945621,0.203,31.81,100883.10,0.220,1.38,1.67,1023
2026-05-23T23:42:02.073776,0.303,31.81,100883.49,0.220,1.38,1.67,1023
2026-05-23T23:42:02.156776,0.404,31.81,100883.45,0.220,1.38,1.67,1023
2026-05-23T23:42:02.261307,0.505,31.81,100884.04,0.220,1.38,1.67,1023
2026-05-23T23:42:02.357409,0.605,31.81,100883.08,0.170,1.38,1.67,1023
2026-05-23T23:42:02.453880,0.706,31.81,100883.80,0.170,1.38,1.67,1023
2026-05-23T23:42:02.573232,0.807,31.81,100883.84,0.170,1.38,1.67,1023
2026-05-23T23:42:02.670741,0.907,31.81,100883.84,0.170,1.37,1.67,1023
2026-05-23T23:42:02.769880,1.008,31.82,100883.82,0.170,1.37,1.67,1023
2026-05-23T23:42:02.891262,1.109,31.81,100883.35,0.170,1.37,1.67,1023
2026-05-23T23:42:02.966411,1.210,31.81,100883.96,0.170,1.37,1.67,1023
2026-05-23T23:42:03.051589,1.311,31.82,100884.27,0.170,1.37,1.67,1023
2026-05-23T23:42:03.182104,1.411,31.82,100884.80,0.170,1.37,1.67,1023
2026-05-23T23:42:03.265341,1.513,31.82,100885.00,0.110,1.37,1.67,1023
2026-05-23T23:42:03.350489,1.613,31.82,100884.70,0.110,1.37,1.67,1023
2026-05-23T23:42:03.465190,1.714,31.82,100883.54,0.110,1.37,1.66,1023
2026-05-23T23:42:03.574419,1.815,31.82,100883.12,0.110,1.37,1.66,1023
2026-05-23T23:42:03.663654,1.916,31.82,100883.59,0.110,1.37,1.67,1023
2026-05-23T23:42:03.775260,2.017,31.82,100883.37,0.110,1.37,1.67,1023
2026-05-23T23:42:03.932862,2.117,31.82,100884.43,0.110,1.37,1.67,1023
2026-05-23T23:42:03.980861,2.217,31.82,100883.80,0.110,1.37,1.67,1023
2026-05-23T23:42:04.056900,2.317,31.82,100883.44,0.110,1.37,1.67,1023
2026-05-23T23:42:04.184959,2.417,31.82,100882.56,0.110,1.37,1.67,1023
2026-05-23T23:42:04.285143,2.519,31.82,100882.30,0.110,1.37,1.67,1023
2026-05-23T23:42:04.387053,2.620,31.82,100882.82,0.170,1.37,1.67,1023
2026-05-23T23:42:04.481054,2.721,31.82,100882.83,0.170,1.37,1.67,1023
2026-05-23T23:42:04.577075,2.822,31.82,100882.29,0.170,1.37,1.67,1023
2026-05-23T23:42:04.704755,2.923,31.82,100882.53,0.170,1.37,1.67,1023
2026-05-23T23:42:04.808752,3.025,31.82,100883.11,0.220,1.37,1.67,1023
2026-05-23T23:42:04.889752,3.125,31.82,100883.53,0.220,1.37,1.67,1023
2026-05-23T23:42:04.988752,3.226,31.82,100883.28,0.220,1.37,1.68,1023
2026-05-23T23:42:05.100773,3.326,31.82,100883.33,0.220,1.37,1.67,1023
2026-05-23T23:42:05.200852,3.426,31.82,100883.55,0.220,1.37,1.67,1023
2026-05-23T23:42:05.325523,3.528,31.82,100883.99,0.220,1.38,1.67,1023
2026-05-23T23:42:05.431292,3.629,31.83,100884.53,0.160,1.38,1.67,1023
2026-05-23T23:42:05.501365,3.730,31.83,100884.85,0.160,1.38,1.67,1023
2026-05-23T23:42:05.591508,3.831,31.83,100884.27,0.110,1.38,1.67,1023
2026-05-23T23:42:05.701536,3.931,31.83,100884.36,0.110,1.38,1.68,1023
2026-05-23T23:42:05.790554,4.031,31.83,100883.88,0.110,1.38,1.68,1023
2026-05-23T23:42:05.893067,4.132,31.83,100883.83,0.110,1.38,1.68,1023
2026-05-23T23:42:05.992980,4.233,31.83,100884.64,0.110,1.37,1.68,1023
2026-05-23T23:42:06.085550,4.335,31.82,100882.49,0.110,1.37,1.68,1023
2026-05-23T23:42:06.201572,4.435,31.83,100882.77,0.110,1.37,1.68,1023
2026-05-23T23:42:06.338084,4.535,31.83,100883.34,0.110,1.37,1.68,1023
2026-05-23T23:42:06.373083,4.636,31.83,100882.98,0.110,1.37,1.68,1023
2026-05-23T23:42:06.497385,4.737,31.83,100883.01,0.160,1.37,1.68,1023
2026-05-23T23:42:06.669064,4.837,31.83,100882.82,0.160,1.37,1.68,1023
2026-05-23T23:42:06.728068,4.953,31.83,100883.98,0.160,1.38,1.68,1023
2026-05-23T23:42:06.812629,5.054,31.83,100884.10,0.160,1.38,1.68,1023
2026-05-23T23:42:06.910910,5.155,31.83,100881.82,0.160,1.38,1.68,1023
2026-05-23T23:42:07.022626,5.256,31.83,100882.41,0.160,1.38,1.68,1023
2026-05-23T23:42:07.110341,5.357,31.83,100883.08,0.160,1.38,1.68,1023
2026-05-23T23:42:07.203547,5.458,31.83,100883.78,0.160,1.38,1.68,1023
2026-05-23T23:42:07.310086,5.558,31.83,100882.90,0.160,1.38,1.68,1023
2026-05-23T23:42:07.410746,5.659,31.83,100882.34,0.160,1.38,1.68,1023
2026-05-23T23:42:07.520256,5.761,31.83,100882.83,0.160,1.38,1.68,1023
2026-05-23T23:42:07.615256,5.861,31.83,100882.32,0.160,1.38,1.68,1023
2026-05-23T23:42:07.724331,5.961,31.83,100882.93,0.210,1.38,1.68,1023
2026-05-23T23:42:07.816524,6.062,31.83,100883.23,0.210,1.37,1.67,1023
2026-05-23T23:42:07.920613,6.163,31.84,100883.34,0.210,1.37,1.67,1023
2026-05-23T23:42:08.031707,6.263,31.84,100883.89,0.210,1.37,1.67,1023
2026-05-23T23:42:08.112228,6.364,31.84,100883.27,0.210,1.37,1.67,1050
2026-05-23T23:42:08.217885,6.464,31.84,100882.72,0.210,1.37,1.67,1053
2026-05-23T23:42:08.328906,6.565,31.84,100882.79,0.210,1.37,1.67,1053
2026-05-23T23:42:08.430404,6.667,31.84,100883.56,0.210,1.37,1.67,1053
2026-05-23T23:42:08.528424,6.768,31.84,100883.25,0.210,1.37,1.67,1053
2026-05-23T23:42:08.641519,6.868,31.84,100883.09,0.210,1.37,1.67,1055
2026-05-23T23:42:08.739087,6.969,31.84,100883.23,0.210,1.37,1.66,1055
2026-05-23T23:42:08.836117,7.070,31.84,100882.95,0.210,1.37,1.66,1056
2026-05-23T23:42:08.919228,7.171,31.84,100883.47,0.210,1.37,1.66,1063
2026-05-23T23:42:09.032428,7.272,31.84,100883.14,0.210,1.37,1.66,1066
2026-05-23T23:42:09.117543,7.372,31.84,100883.05,0.210,1.36,1.66,1074
2026-05-23T23:42:09.212737,7.472,31.84,100883.24,0.210,1.38,1.66,1081
2026-05-23T23:42:09.320265,7.574,31.84,100882.91,0.210,1.47,1.61,1081
2026-05-23T23:42:09.423878,7.675,31.84,100882.62,0.210,1.42,1.68,1081
2026-05-23T23:42:09.530192,7.777,31.84,100882.51,0.210,1.36,1.75,1081
2026-05-23T23:42:09.626314,7.877,31.83,100881.55,0.210,1.40,1.79,1081
2026-05-23T23:42:09.730485,7.978,31.83,100881.56,0.210,1.31,1.81,1081
2026-05-23T23:42:09.825994,8.078,31.82,100881.41,0.210,1.28,1.81,1081
2026-05-23T23:42:09.942062,8.179,31.81,100880.93,0.260,1.26,1.83,1081
2026-05-23T23:42:10.028062,8.280,31.81,100881.30,0.260,1.21,1.92,1081
2026-05-23T23:42:10.137088,8.380,31.81,100883.07,0.310,1.22,1.89,1081
2026-05-23T23:42:10.230132,8.481,31.80,100883.68,0.310,1.21,1.89,1081
2026-05-23T23:42:10.350667,8.583,31.80,100883.96,0.260,1.23,1.87,1083
2026-05-23T23:42:10.429761,8.684,31.80,100883.71,0.210,1.24,1.93,1083
2026-05-23T23:42:10.536270,8.786,31.80,100883.78,0.210,1.20,1.95,1083
2026-05-23T23:42:10.653292,8.886,31.79,100883.69,0.210,1.18,1.89,1091
2026-05-23T23:42:10.726349,8.986,31.79,100883.99,0.160,1.17,1.93,1093
2026-05-23T23:42:10.842369,9.086,31.79,100883.55,0.160,1.15,1.91,1096
2026-05-23T23:42:10.937369,9.187,31.78,100883.45,0.160,1.13,1.97,1098
2026-05-23T23:42:11.043063,9.287,31.78,100883.01,0.160,1.09,1.91,1098
2026-05-23T23:42:11.138714,9.388,31.77,100883.30,0.160,1.09,1.86,1098
2026-05-23T23:42:11.245285,9.489,31.77,100882.83,0.160,1.08,1.88,1098
2026-05-23T23:42:11.351646,9.590,31.76,100882.88,0.160,1.15,1.89,1098
2026-05-23T23:42:11.456663,9.691,31.76,100883.38,0.160,1.12,1.80,1101
2026-05-23T23:42:11.540662,9.791,31.76,100883.51,0.160,1.16,1.64,1101
2026-05-23T23:42:11.640207,9.892,31.75,100883.12,0.160,1.18,1.56,1108
2026-05-23T23:42:11.757433,9.992,31.75,100883.42,0.160,1.20,1.45,1111
2026-05-23T23:42:11.848432,10.092,31.75,100884.24,0.160,1.19,1.45,1111
2026-05-23T23:42:11.949432,10.193,31.75,100884.85,0.160,1.24,1.58,1113
2026-05-23T23:42:12.045125,10.293,31.75,100883.92,0.160,1.14,1.58,1113
2026-05-23T23:42:12.149475,10.395,31.75,100883.98,0.110,1.08,1.36,1113
2026-05-23T23:42:12.253518,10.496,31.74,100883.59,0.110,0.83,1.38,1113
2026-05-23T23:42:12.348677,10.596,31.74,100883.07,0.110,0.83,1.22,1118
2026-05-23T23:42:12.464508,10.698,31.74,100883.33,0.110,0.75,1.27,1118
2026-05-23T23:42:12.566166,10.799,31.73,100882.78,0.110,0.76,1.33,1123
2026-05-23T23:42:12.702185,10.900,31.73,100883.11,0.160,0.68,1.32,1126
2026-05-23T23:42:12.757695,11.000,31.72,100883.51,0.160,0.65,1.26,1126
2026-05-23T23:42:12.852071,11.100,31.72,100883.46,0.160,0.61,1.20,1128
2026-05-23T23:42:12.966092,11.201,31.72,100882.64,0.160,0.54,1.33,1134
2026-05-23T23:42:13.087601,11.302,31.72,100883.55,0.160,0.43,1.27,1136
2026-05-23T23:42:13.161059,11.402,31.71,100884.77,0.160,0.06,1.20,1136
2026-05-23T23:42:13.261244,11.503,31.71,100884.06,0.160,-0.27,0.97,1136
2026-05-23T23:42:13.356113,11.603,31.70,100883.27,0.160,-0.36,0.89,1136
2026-05-23T23:42:13.463371,11.705,31.70,100884.09,0.160,-0.31,0.94,1136
2026-05-23T23:42:13.557371,11.806,31.70,100883.84,0.160,-0.22,0.87,1138
2026-05-23T23:42:13.663899,11.906,31.70,100883.23,0.160,-0.13,0.90,1141
2026-05-23T23:42:13.760521,12.007,31.70,100883.59,0.160,-0.06,0.99,1146
2026-05-23T23:42:13.865770,12.107,31.69,100883.60,0.160,0.06,1.09,1148
2026-05-23T23:42:13.961279,12.208,31.69,100884.22,0.160,0.07,1.18,1148
2026-05-23T23:42:14.064788,12.309,31.69,100884.32,0.160,0.25,1.24,1151
2026-05-23T23:42:14.160862,12.409,31.68,100884.20,0.160,0.18,1.21,1153
2026-05-23T23:42:14.253327,12.511,31.68,100883.48,0.160,0.16,1.27,1154
2026-05-23T23:42:14.366130,12.611,31.68,100883.74,0.160,0.15,1.51,1154
2026-05-23T23:42:14.463737,12.713,31.67,100884.18,0.160,0.00,1.44,1154
2026-05-23T23:42:14.590939,12.813,31.67,100884.30,0.160,0.02,1.41,1153
2026-05-23T23:42:14.664941,12.915,31.67,100886.15,0.110,-0.05,1.52,1153
2026-05-23T23:42:14.761206,13.017,31.67,100885.90,0.110,0.28,1.51,1153
2026-05-23T23:42:14.885476,13.118,31.66,100885.69,0.060,0.36,1.22,1154
2026-05-23T23:42:14.979225,13.220,31.66,100885.33,0.060,0.28,1.52,1154
2026-05-23T23:42:15.073225,13.322,31.65,100885.62,0.060,0.39,1.54,1158
2026-05-23T23:42:15.190755,13.422,31.65,100886.40,0.010,0.28,2.13,1161
2026-05-23T23:42:15.285310,13.523,31.65,100886.26,0.010,0.40,2.19,1161
2026-05-23T23:42:15.380740,13.623,31.64,100886.45,0.010,0.65,2.18,1163
2026-05-23T23:42:15.488942,13.724,31.63,100885.43,-0.040,0.60,2.06,1164
2026-05-23T23:42:15.576428,13.826,31.63,100884.17,-0.040,0.78,1.97,1164
2026-05-23T23:42:15.681047,13.926,31.63,100885.11,-0.040,0.94,1.61,1164
2026-05-23T23:42:15.776029,14.028,31.62,100885.06,0.010,0.95,1.57,1164
2026-05-23T23:42:15.885029,14.130,31.62,100885.39,0.010,0.96,1.69,1164
2026-05-23T23:42:15.999602,14.232,31.62,100885.48,0.010,0.86,1.78,1166
2026-05-23T23:42:16.073605,14.332,31.61,100885.47,0.010,0.76,1.85,1168
2026-05-23T23:42:16.179785,14.433,31.61,100886.02,0.010,0.59,1.80,1169
2026-05-23T23:42:16.295341,14.534,31.61,100885.95,0.010,0.63,1.69,1171
2026-05-23T23:42:16.380965,14.634,31.61,100886.03,0.010,0.60,1.67,1181
2026-05-23T23:42:16.496225,14.735,31.61,100885.80,-0.040,0.66,1.57,1184
2026-05-23T23:42:16.588930,14.835,31.61,100885.56,-0.040,0.62,1.75,1185
2026-05-23T23:42:16.695117,14.936,31.60,100885.23,-0.040,0.67,1.85,1184
2026-05-23T23:42:16.792681,15.037,31.60,100884.85,-0.040,0.81,1.87,1184
2026-05-23T23:42:16.875114,15.137,31.60,100884.96,-0.040,0.89,1.80,1185
2026-05-23T23:42:16.988467,15.238,31.59,100885.38,-0.040,1.01,1.86,1185
2026-05-23T23:42:17.084605,15.338,31.59,100885.68,-0.040,1.09,1.57,1186
2026-05-23T23:42:17.201521,15.439,31.59,100886.20,-0.040,0.96,1.41,1188
2026-05-23T23:42:17.294031,15.539,31.58,100887.07,-0.040,0.96,1.40,1189
2026-05-23T23:42:17.388928,15.640,31.58,100886.94,-0.040,1.01,1.17,1190
2026-05-23T23:42:17.495946,15.740,31.57,100886.52,-0.040,1.04,1.32,1193
2026-05-23T23:42:17.593250,15.842,31.56,100886.24,-0.040,1.15,1.11,1194
2026-05-23T23:42:17.697069,15.942,31.56,100886.14,-0.040,1.23,1.18,1194
2026-05-23T23:42:17.793285,16.044,31.55,100886.14,-0.040,1.09,1.00,1194
2026-05-23T23:42:17.897845,16.144,31.55,100886.31,-0.040,1.08,1.11,1196
2026-05-23T23:42:17.992386,16.245,31.55,100886.24,-0.040,1.14,0.82,1196
2026-05-23T23:42:18.106388,16.345,31.55,100886.33,-0.040,1.05,0.93,1200
2026-05-23T23:42:18.212420,16.446,31.54,100886.27,-0.040,1.04,1.03,1201
2026-05-23T23:42:18.306930,16.546,31.54,100886.27,-0.040,1.18,1.03,1204
2026-05-23T23:42:18.400924,16.647,31.53,100887.07,-0.040,1.24,1.03,1206
2026-05-23T23:42:18.487972,16.748,31.53,100885.56,-0.040,1.37,0.65,1208
2026-05-23T23:42:18.605059,16.849,31.52,100885.39,-0.040,1.27,0.63,1210
2026-05-23T23:42:18.728699,16.951,31.52,100886.62,-0.040,1.34,0.79,1214
2026-05-23T23:42:18.801305,17.052,31.51,100886.57,-0.040,1.33,0.87,1216
2026-05-23T23:42:18.908817,17.153,31.51,100886.81,-0.040,1.44,0.86,1216
2026-05-23T23:42:19.005067,17.253,31.51,100886.71,-0.040,1.42,0.48,1218
2026-05-23T23:42:19.100832,17.355,31.51,100886.62,-0.040,1.46,0.53,1219
2026-05-23T23:42:19.220580,17.456,31.50,100885.73,-0.040,1.68,0.58,1224
2026-05-23T23:42:19.309909,17.557,31.50,100886.41,-0.040,1.72,0.49,1226
2026-05-23T23:42:19.394271,17.659,31.50,100885.32,-0.040,1.68,0.35,1229
2026-05-23T23:42:19.518117,17.759,31.49,100885.89,-0.040,1.62,0.87,1229
2026-05-23T23:42:19.623487,17.860,31.49,100885.86,-0.040,1.34,0.92,1234
2026-05-23T23:42:19.710569,17.960,31.48,100885.81,-0.040,1.61,0.59,1236
2026-05-23T23:42:19.813114,18.061,31.48,100886.05,-0.040,1.77,0.72,1236
2026-05-23T23:42:19.920928,18.163,31.48,100885.38,-0.040,1.68,0.66,1240
2026-05-23T23:42:20.050073,18.265,31.47,100886.30,-0.040,1.85,0.44,1241
2026-05-23T23:42:20.138901,18.367,31.47,100887.52,-0.040,1.98,0.24,1246
2026-05-23T23:42:20.223946,18.467,31.46,100886.66,-0.040,2.02,0.17,1250
2026-05-23T23:42:20.332329,18.569,31.46,100886.43,-0.040,2.12,0.07,1255
2026-05-23T23:42:20.422358,18.670,31.45,100885.95,-0.040,2.27,-0.19,1259
2026-05-23T23:42:20.530358,18.771,31.45,100885.61,-0.040,2.18,-0.03,1264
2026-05-23T23:42:20.672869,18.871,31.45,100884.94,-0.040,2.03,-0.31,1265
2026-05-23T23:42:20.740890,18.972,31.44,100885.54,-0.040,1.96,-0.11,1265
2026-05-23T23:42:20.832506,19.073,31.44,100885.91,-0.040,2.03,-0.49,1267
2026-05-23T23:42:20.929507,19.175,31.44,100884.43,-0.040,1.74,-0.33,1269
2026-05-23T23:42:21.050955,19.275,31.43,100885.01,0.010,2.05,-0.66,1270
2026-05-23T23:42:21.137148,19.376,31.43,100885.64,0.010,2.31,-0.10,1274
2026-05-23T23:42:21.234911,19.477,31.42,100885.22,0.010,2.32,-0.21,1277
2026-05-23T23:42:21.329127,19.577,31.42,100885.04,0.010,2.26,-0.26,1279
2026-05-23T23:42:21.423936,19.678,31.41,100885.11,0.010,2.25,-0.41,1281
2026-05-23T23:42:21.540447,19.779,31.41,100885.11,0.010,2.17,-0.35,1283
2026-05-23T23:42:21.644715,19.879,31.41,100885.39,0.010,2.40,-0.62,1284
2026-05-23T23:42:21.738914,19.980,31.40,100885.23,0.010,2.37,-0.71,1284
2026-05-23T23:42:21.833996,20.080,31.40,100885.32,0.010,2.46,-0.51,1285
2026-05-23T23:42:21.928505,20.182,31.40,100884.88,0.010,2.42,-0.48,1289
2026-05-23T23:42:22.040505,20.283,31.39,100884.38,0.010,2.45,-0.05,1290
2026-05-23T23:42:22.133056,20.383,31.39,100884.48,0.060,2.46,0.19,1293
2026-05-23T23:42:22.234106,20.483,31.38,100884.59,0.060,2.56,0.75,1293
2026-05-23T23:42:22.328251,20.584,31.38,100884.69,0.060,2.56,0.81,1296
2026-05-23T23:42:22.445604,20.685,31.37,100884.51,0.060,2.56,0.96,1298
2026-05-23T23:42:22.535766,20.786,31.37,100884.70,0.060,2.68,1.41,1301
2026-05-23T23:42:22.641304,20.887,31.37,100884.83,0.060,2.73,1.74,1303
2026-05-23T23:42:22.734849,20.987,31.36,100883.10,0.060,3.05,1.81,1304
2026-05-23T23:42:22.840384,21.088,31.36,100884.27,0.060,2.97,2.07,1304
2026-05-23T23:42:22.945404,21.188,31.36,100884.70,0.110,3.25,2.16,1307
2026-05-23T23:42:23.040462,21.288,31.35,100885.04,0.110,3.05,2.41,1308
2026-05-23T23:42:23.147235,21.389,31.34,100884.92,0.110,3.25,2.02,1312
2026-05-23T23:42:23.243255,21.489,31.34,100884.33,0.110,3.35,1.73,1315
2026-05-23T23:42:23.348457,21.590,31.34,100883.45,0.110,3.17,1.93,1316
2026-05-23T23:42:23.452686,21.691,31.33,100883.69,0.110,3.25,1.83,1316
2026-05-23T23:42:23.548260,21.793,31.33,100883.22,0.110,3.29,1.78,1320
2026-05-23T23:42:23.675301,21.894,31.33,100883.98,0.110,3.23,1.86,1323
2026-05-23T23:42:23.740366,21.994,31.33,100883.45,0.110,3.16,2.13,1324
2026-05-23T23:42:23.843979,22.095,31.33,100883.26,0.110,3.31,2.16,1324
2026-05-23T23:42:23.948415,22.197,31.32,100882.97,0.170,3.31,2.28,1327
2026-05-23T23:42:24.053198,22.298,31.32,100883.80,0.170,3.33,2.59,1328
2026-05-23T23:42:24.161319,22.398,31.31,100883.71,0.170,3.19,2.59,1329
2026-05-23T23:42:24.252342,22.499,31.31,100885.62,0.170,3.11,3.28,1330
2026-05-23T23:42:24.348552,22.600,31.31,100885.15,0.170,2.99,3.53,1334
2026-05-23T23:42:24.461791,22.700,31.31,100885.09,0.110,3.25,3.65,1338
2026-05-23T23:42:24.570039,22.800,31.30,100885.69,0.110,2.84,4.06,1340
2026-05-23T23:42:24.655236,22.902,31.30,100886.09,0.060,2.83,4.22,1343
2026-05-23T23:42:24.751875,23.002,31.29,100886.49,0.060,2.94,4.56,1344
2026-05-23T23:42:24.870970,23.102,31.29,100886.02,0.010,2.73,4.19,1345
2026-05-23T23:42:24.957992,23.202,31.29,100886.59,0.010,2.81,4.46,1345
2026-05-23T23:42:25.068727,23.303,31.28,100885.73,0.010,2.86,5.01,1345
2026-05-23T23:42:25.165912,23.403,31.28,100885.48,0.010,2.47,4.81,1347
2026-05-23T23:42:25.256522,23.504,31.27,100885.41,0.010,2.65,4.60,1349
2026-05-23T23:42:25.374544,23.604,31.27,100885.16,0.010,2.42,5.01,1353
2026-05-23T23:42:25.456077,23.705,31.26,100884.52,0.010,1.98,5.35,1355
2026-05-23T23:42:25.565829,23.806,31.26,100884.73,0.010,1.98,6.10,1355
2026-05-23T23:42:25.657847,23.907,31.25,100884.32,0.060,2.11,5.90,1355
2026-05-23T23:42:25.763624,24.008,31.25,100883.86,0.060,2.62,5.24,1355
2026-05-23T23:42:25.859874,24.108,31.24,100883.65,0.110,2.34,5.32,1355
2026-05-23T23:42:25.960504,24.210,31.24,100883.52,0.110,1.70,6.44,1355
2026-05-23T23:42:26.082106,24.311,31.24,100883.49,0.110,1.50,6.90,1355
2026-05-23T23:42:26.156794,24.412,31.23,100883.30,0.110,1.82,6.99,1355
2026-05-23T23:42:26.263581,24.513,31.23,100883.30,0.110,1.66,7.00,1357
2026-05-23T23:42:26.351001,24.614,31.23,100884.25,0.160,1.68,7.49,1360
2026-05-23T23:42:26.476084,24.714,31.23,100884.95,0.160,1.86,8.33,1361
2026-05-23T23:42:26.561085,24.814,31.22,100883.99,0.160,1.57,8.16,1361
2026-05-23T23:42:26.676169,24.915,31.22,100884.06,0.160,2.10,7.31,1363
2026-05-23T23:42:26.789993,25.016,31.22,100884.33,0.160,2.46,7.24,1367
2026-05-23T23:42:26.857024,25.117,31.22,100884.27,0.160,2.03,7.76,1368
2026-05-23T23:42:26.971041,25.218,31.21,100883.04,0.160,1.91,8.26,1368
2026-05-23T23:42:27.078614,25.320,31.21,100884.02,0.160,2.06,8.50,1368
2026-05-23T23:42:27.172635,25.421,31.20,100884.13,0.160,2.44,8.22,1372
2026-05-23T23:42:27.267345,25.523,31.20,100884.47,0.160,2.56,7.73,1372
2026-05-23T23:42:27.383374,25.623,31.19,100883.82,0.160,2.19,8.35,1373
2026-05-23T23:42:27.478374,25.724,31.19,100884.05,0.160,2.92,9.29,1376
2026-05-23T23:42:27.596428,25.825,31.19,100884.24,0.160,3.21,9.45,1377
2026-05-23T23:42:27.673428,25.927,31.19,100883.80,0.160,2.82,9.45,1377
2026-05-23T23:42:27.815300,26.029,31.18,100883.23,0.160,3.13,9.28,1377
2026-05-23T23:42:27.879324,26.129,31.18,100882.56,0.160,3.12,9.07,1377
2026-05-23T23:42:27.984323,26.230,31.17,100883.60,0.160,3.60,8.73,1379
2026-05-23T23:42:28.101734,26.330,31.16,100883.09,0.160,3.53,8.73,1380
2026-05-23T23:42:28.192292,26.432,31.16,100883.09,0.160,4.35,8.42,1380
2026-05-23T23:42:28.285063,26.532,31.15,100882.42,0.210,4.30,8.75,1382
2026-05-23T23:42:28.380788,26.634,31.15,100882.01,0.210,4.09,8.96,1384
2026-05-23T23:42:28.474399,26.736,31.14,100881.95,0.210,4.19,9.24,1385
2026-05-23T23:42:28.590398,26.837,31.14,100882.09,0.270,4.48,9.64,1387
2026-05-23T23:42:28.705933,26.937,31.14,100882.32,0.270,4.60,10.01,1387
2026-05-23T23:42:28.799452,27.038,31.14,100881.60,0.270,4.64,9.97,1387
2026-05-23T23:42:28.904494,27.138,31.13,100881.78,0.320,5.10,9.61,1387
2026-05-23T23:42:28.989004,27.238,31.13,100880.27,0.320,4.57,9.69,1388
2026-05-23T23:42:29.103144,27.339,31.12,100880.88,0.370,5.08,9.21,1391
2026-05-23T23:42:29.188359,27.439,31.12,100880.97,0.370,5.03,8.96,1393
2026-05-23T23:42:29.292932,27.540,31.12,100880.33,0.370,5.05,10.33,1396
2026-05-23T23:42:29.408244,27.642,31.12,100880.58,0.370,5.66,11.51,1398
2026-05-23T23:42:29.500521,27.743,31.11,100879.78,0.420,6.10,12.39,1398
2026-05-23T23:42:29.587768,27.844,31.11,100880.79,0.420,5.86,13.53,1398
2026-05-23T23:42:29.708049,27.944,31.10,100881.16,0.420,6.97,14.24,1395
2026-05-23T23:42:29.792557,28.046,31.10,100880.80,0.420,8.59,13.55,1392
2026-05-23T23:42:29.905105,28.147,31.10,100881.24,0.420,9.75,11.40,1393
2026-05-23T23:42:29.999537,28.248,31.09,100880.30,0.420,10.04,9.86,1393
2026-05-23T23:42:30.105832,28.348,31.09,100880.77,0.420,9.74,8.74,1394
2026-05-23T23:42:30.200878,28.448,31.08,100880.58,0.420,10.00,8.53,1394
2026-05-23T23:42:30.316654,28.550,31.08,100880.82,0.420,10.13,8.93,1396
2026-05-23T23:42:30.406289,28.652,31.08,100880.54,0.420,10.23,9.65,1396
2026-05-23T23:42:30.496965,28.752,31.07,100880.65,0.420,10.26,9.82,1396
2026-05-23T23:42:30.612509,28.854,31.07,100880.13,0.420,10.49,8.93,1396
2026-05-23T23:42:30.696019,28.954,31.07,100879.67,0.420,10.51,8.39,1398
2026-05-23T23:42:30.811753,29.056,31.07,100879.69,0.470,10.20,9.55,1398
2026-05-23T23:42:30.916829,29.156,31.06,100878.87,0.470,10.19,10.72,1398
2026-05-23T23:42:31.010339,29.257,31.06,100878.59,0.530,10.45,11.50,1399
2026-05-23T23:42:31.107917,29.357,31.05,100878.60,0.530,10.12,11.90,1401
2026-05-23T23:42:31.214917,29.458,31.05,100879.66,0.530,10.59,11.03,1405
2026-05-23T23:42:31.312439,29.559,31.04,100878.40,0.530,10.58,9.58,1405
2026-05-23T23:42:31.426142,29.660,31.04,100879.01,0.580,10.61,8.60,1406
2026-05-23T23:42:31.509398,29.760,31.04,100878.90,0.580,10.30,8.83,1408
2026-05-23T23:42:31.605993,29.861,31.03,100878.13,0.580,10.36,9.78,1411
2026-05-23T23:42:31.720525,29.963,31.03,100878.14,0.580,10.59,10.93,1411
2026-05-23T23:42:31.803525,30.063,31.03,100878.55,0.630,10.56,11.10,1411
2026-05-23T23:42:31.918182,30.165,31.03,100879.05,0.630,10.37,10.74,1415
2026-05-23T23:42:32.012201,30.266,31.03,100879.56,0.630,10.42,10.66,1416
2026-05-23T23:42:32.117091,30.367,31.02,100878.52,0.630,10.85,10.62,1416
2026-05-23T23:42:32.232601,30.469,31.02,100879.23,0.630,10.97,10.24,1416
2026-05-23T23:42:32.328133,30.569,31.02,100879.04,0.630,10.88,9.98,1419
2026-05-23T23:42:32.412291,30.670,31.02,100878.76,0.630,10.88,9.87,1421
2026-05-23T23:42:32.528070,30.771,31.01,100878.44,0.630,11.24,10.36,1421
2026-05-23T23:42:32.633268,30.873,31.01,100879.57,0.630,11.46,11.25,1421
2026-05-23T23:42:32.717024,30.973,31.01,100878.86,0.630,11.06,11.61,1421
2026-05-23T23:42:32.828053,31.074,31.00,100878.82,0.630,10.14,11.93,1421
2026-05-23T23:42:32.940301,31.175,31.00,100878.53,0.630,9.84,12.21,1421
2026-05-23T23:42:33.028069,31.275,30.99,100878.48,0.630,10.12,11.20,1422
2026-05-23T23:42:33.131817,31.377,30.98,100879.03,0.630,10.08,10.69,1425
2026-05-23T23:42:33.236569,31.478,30.97,100878.95,0.630,10.22,10.82,1426
2026-05-23T23:42:33.345808,31.579,30.97,100878.86,0.630,9.77,11.58,1426
2026-05-23T23:42:33.431789,31.681,30.96,100879.03,0.630,9.23,11.87,1426
2026-05-23T23:42:33.543934,31.781,30.96,100879.28,0.630,9.24,11.62,1428
2026-05-23T23:42:33.644178,31.882,30.96,100879.36,0.630,9.57,11.37,1430
2026-05-23T23:42:33.734450,31.983,30.95,100878.05,0.630,9.46,10.58,1435
2026-05-23T23:42:33.840036,32.083,30.95,100878.23,0.630,9.34,10.38,1436
2026-05-23T23:42:33.933574,32.185,30.95,100877.63,0.630,9.58,11.13,1436
2026-05-23T23:42:34.029572,32.286,30.94,100877.52,0.630,9.94,12.04,1436
2026-05-23T23:42:34.144330,32.387,30.94,100878.01,0.630,9.32,12.93,1437
2026-05-23T23:42:34.252391,32.487,30.94,100879.15,0.630,7.76,14.20,1435
2026-05-23T23:42:34.347836,32.589,30.93,100879.14,0.630,7.12,14.98,1431
2026-05-23T23:42:34.440849,32.690,30.93,100878.57,0.630,7.61,15.61,1431
2026-05-23T23:42:34.544653,32.792,30.92,100877.62,0.630,7.79,15.10,1431
2026-05-23T23:42:34.651223,32.893,30.92,100877.70,0.630,7.89,13.62,1431
2026-05-23T23:42:34.747286,32.993,30.92,100878.12,0.630,7.82,12.23,1431
2026-05-23T23:42:34.843824,33.094,30.91,100877.40,0.630,7.82,11.92,1433
2026-05-23T23:42:34.947519,33.196,30.91,100878.79,0.680,7.73,12.51,1434
2026-05-23T23:42:35.044983,33.296,30.91,100878.36,0.680,7.33,12.86,1435
2026-05-23T23:42:35.164645,33.397,30.90,100879.54,0.680,6.87,13.26,1435
2026-05-23T23:42:35.268397,33.498,30.90,100879.51,0.680,6.68,13.34,1436
2026-05-23T23:42:35.357244,33.599,30.90,100879.89,0.630,6.64,13.38,1436
2026-05-23T23:42:35.463758,33.699,30.89,100880.09,0.630,6.74,13.74,1436
2026-05-23T23:42:35.567267,33.800,30.89,100881.06,0.580,6.74,13.80,1434
2026-05-23T23:42:35.685829,33.901,30.89,100882.37,0.580,6.69,13.00,1434
2026-05-23T23:42:35.740231,34.003,30.89,100882.20,0.520,6.70,12.66,1434
2026-05-23T23:42:35.864549,34.104,30.88,100882.04,0.460,6.53,12.99,1290
2026-05-23T23:42:35.960748,34.204,30.88,100882.70,0.410,5.81,11.64,1225
2026-05-23T23:42:36.063939,34.305,30.87,100883.51,0.410,5.11,6.85,1211
2026-05-23T23:42:36.160169,34.406,30.87,100883.25,0.360,4.11,7.37,1214
2026-05-23T23:42:36.263563,34.507,30.86,100883.15,0.310,4.40,7.81,1215
2026-05-23T23:42:36.348624,34.608,30.86,100882.97,0.310,3.80,6.87,1215
2026-05-23T23:42:36.473133,34.708,30.85,100882.84,0.310,3.46,7.18,1204
2026-05-23T23:42:36.555767,34.810,30.85,100883.15,0.310,3.22,6.63,1056
2026-05-23T23:42:36.673310,34.912,30.85,100883.64,0.260,2.74,6.57,1023
2026-05-23T23:42:36.757110,35.013,30.85,100883.44,0.260,2.41,6.17,1023
2026-05-23T23:42:36.876135,35.115,30.85,100884.35,0.260,2.00,5.81,1023
2026-05-23T23:42:36.968884,35.215,30.85,100883.55,0.260,1.68,5.61,1023
2026-05-23T23:42:37.081163,35.317,30.85,100884.07,0.210,1.30,5.31,1023
2026-05-23T23:42:37.169140,35.418,30.85,100884.62,0.210,0.96,5.11,1023
2026-05-23T23:42:37.272908,35.518,30.85,100884.41,0.210,0.60,4.83,1023
2026-05-23T23:42:37.375045,35.619,30.85,100884.31,0.210,0.28,4.53,1023
2026-05-23T23:42:37.476291,35.721,30.85,100883.18,0.210,-0.07,4.22,1023
2026-05-23T23:42:37.570681,35.821,30.85,100883.09,0.210,-0.37,3.93,1023
2026-05-23T23:42:37.655191,35.923,30.85,100883.18,0.210,-0.65,3.73,1023
2026-05-23T23:42:37.772035,36.023,30.85,100883.23,0.210,-0.91,3.41,1023
2026-05-23T23:42:37.857318,36.125,30.84,100882.82,0.210,-1.08,3.16,1023
2026-05-23T23:42:37.983427,36.226,30.84,100883.52,0.210,-1.40,2.87,1023
2026-05-23T23:42:38.094471,36.326,30.84,100882.76,0.210,-1.51,2.63,1023
2026-05-23T23:42:38.191679,36.426,30.84,100882.49,0.210,-1.75,2.38,1023
2026-05-23T23:42:38.277196,36.528,30.84,100883.20,0.260,-1.98,2.17,1023
2026-05-23T23:42:38.380297,36.629,30.84,100883.16,0.260,-2.29,1.95,1023
2026-05-23T23:42:38.476364,36.729,30.84,100883.21,0.260,-2.48,1.82,1023
2026-05-23T23:42:38.585138,36.830,30.84,100883.67,0.260,-2.69,1.71,1023
2026-05-23T23:42:38.685891,36.930,30.85,100883.80,0.260,-2.82,1.56,1023
2026-05-23T23:42:38.776948,37.030,30.85,100883.30,0.260,-2.94,1.46,1023
2026-05-23T23:42:38.881481,37.132,30.85,100884.01,0.260,-3.04,1.33,1023
2026-05-23T23:42:39.010644,37.232,30.85,100884.22,0.260,-3.10,1.25,1023
2026-05-23T23:42:39.117180,37.334,30.85,100884.96,0.200,-3.19,1.14,1023
2026-05-23T23:42:39.175282,37.435,30.85,100884.80,0.200,-3.22,1.10,1023
2026-05-23T23:42:39.325117,37.536,30.85,100883.91,0.200,-3.27,1.03,1023
2026-05-23T23:42:39.396979,37.637,30.85,100883.70,0.200,-3.29,0.98,1023
2026-05-23T23:42:39.505914,37.739,30.85,100883.30,0.200,-3.29,0.94,1023
2026-05-23T23:42:39.607523,37.841,30.85,100884.15,0.200,-3.28,0.92,1023
2026-05-23T23:42:39.700664,37.941,30.85,100883.71,0.200,-3.26,0.90,1023
2026-05-23T23:42:39.785899,38.041,30.85,100883.80,0.200,-3.22,0.90,1023
2026-05-23T23:42:39.911584,38.142,30.85,100883.73,0.200,-3.17,0.91,1023
2026-05-23T23:42:39.997858,38.242,30.85,100883.09,0.200,-3.12,0.93,1023
2026-05-23T23:42:40.102388,38.343,30.85,100883.80,0.200,-3.05,0.96,1023
2026-05-23T23:42:40.197301,38.444,30.85,100883.07,0.200,-2.97,0.99,1023
2026-05-23T23:42:40.303322,38.545,30.85,100883.84,0.200,-2.88,1.03,1023
2026-05-23T23:42:40.389133,38.646,30.85,100882.80,0.200,-2.81,1.08,1023
2026-05-23T23:42:40.501391,38.748,30.85,100882.66,0.200,-2.70,1.13,1023
2026-05-23T23:42:40.603623,38.849,30.85,100883.03,0.200,-2.59,1.20,1023
2026-05-23T23:42:40.717074,38.949,30.85,100883.11,0.200,-2.48,1.27,1023
2026-05-23T23:42:40.807075,39.049,30.85,100883.19,0.200,-2.37,1.35,1023
2026-05-23T23:42:40.909295,39.150,30.85,100883.85,0.200,-2.26,1.42,1023
2026-05-23T23:42:41.010201,39.251,30.86,100882.93,0.200,-2.13,1.51,1023
2026-05-23T23:42:41.100742,39.351,30.86,100882.83,0.200,-2.02,1.58,1023
2026-05-23T23:42:41.208353,39.452,30.86,100882.94,0.250,-1.89,1.67,1023
2026-05-23T23:42:41.302486,39.552,30.86,100882.59,0.250,-1.77,1.76,1023
2026-05-23T23:42:41.406024,39.654,30.86,100882.65,0.250,-1.67,1.83,1023
2026-05-23T23:42:41.504540,39.754,30.85,100881.81,0.250,-1.53,1.93,1023
2026-05-23T23:42:41.589146,39.856,30.85,100881.89,0.310,-1.43,2.01,1023
2026-05-23T23:42:41.705282,39.957,30.85,100883.30,0.310,-1.29,2.12,1023
2026-05-23T23:42:41.820352,40.057,30.85,100883.68,0.310,-1.16,2.22,1023
2026-05-23T23:42:41.914864,40.158,30.85,100883.41,0.310,-1.05,2.30,1023
2026-05-23T23:42:42.010407,40.260,30.85,100883.59,0.310,-0.95,2.39,1023
2026-05-23T23:42:42.105475,40.360,30.85,100883.02,0.250,-0.85,2.47,1023
2026-05-23T23:42:42.218146,40.462,30.85,100883.64,0.250,-0.73,2.56,1023
2026-05-23T23:42:42.323687,40.563,30.85,100883.10,0.250,-0.62,2.65,1023
2026-05-23T23:42:42.428242,40.665,30.86,100882.40,0.250,-0.52,2.73,1023
2026-05-23T23:42:42.515752,40.766,30.86,100881.65,0.250,-0.45,2.79,1023
2026-05-23T23:42:42.636857,40.867,30.86,100883.02,0.250,-0.35,2.88,1023
2026-05-23T23:42:42.724874,40.968,30.86,100883.23,0.250,-0.28,2.94,1023
2026-05-23T23:42:42.844872,41.069,30.86,100883.09,0.250,-0.20,3.01,1023
2026-05-23T23:42:42.924382,41.170,30.86,100883.83,0.250,-0.13,3.07,1023
2026-05-23T23:42:43.028721,41.271,30.86,100883.84,0.250,-0.07,3.14,1023
2026-05-23T23:42:43.132229,41.373,30.86,100883.80,0.250,-0.01,3.19,1023
2026-05-23T23:42:43.221206,41.475,30.86,100883.38,0.250,0.04,3.23,1023
2026-05-23T23:42:43.325771,41.575,30.86,100882.69,0.250,0.09,3.28,1023
2026-05-23T23:42:43.441574,41.676,30.86,100882.73,0.250,0.13,3.33,1023
2026-05-23T23:42:43.525594,41.777,30.86,100882.41,0.250,0.16,3.36,1023
2026-05-23T23:42:43.641108,41.877,30.86,100882.33,0.250,0.20,3.40,1023
2026-05-23T23:42:43.736109,41.978,30.86,100881.59,0.250,0.22,3.42,1023
2026-05-23T23:42:43.819109,42.080,30.86,100881.19,0.310,0.23,3.45,1023
2026-05-23T23:42:43.935618,42.181,30.86,100882.05,0.310,0.25,3.47,1023
2026-05-23T23:42:44.030989,42.281,30.86,100882.26,0.310,0.26,3.49,1023
2026-05-23T23:42:44.141020,42.382,30.87,100883.02,0.310,0.27,3.51,1023
2026-05-23T23:42:44.259544,42.484,30.87,100882.30,0.310,0.27,3.52,1023
2026-05-23T23:42:44.348572,42.586,30.87,100882.43,0.310,0.26,3.52,1023
2026-05-23T23:42:44.436233,42.687,30.87,100883.08,0.310,0.26,3.53,1023
2026-05-23T23:42:44.556922,42.788,30.87,100882.55,0.310,0.25,3.53,1023
2026-05-23T23:42:44.646922,42.889,30.87,100883.05,0.310,0.24,3.53,1023
2026-05-23T23:42:44.745009,42.989,30.87,100882.93,0.310,0.22,3.52,1023
2026-05-23T23:42:44.845548,43.090,30.87,100882.12,0.310,0.20,3.51,1023
2026-05-23T23:42:44.938611,43.191,30.87,100881.96,0.310,0.18,3.50,1023
2026-05-23T23:42:45.055148,43.292,30.87,100883.03,0.310,0.15,3.48,1023
2026-05-23T23:42:45.147658,43.393,30.87,100883.44,0.310,0.13,3.47,1023
2026-05-23T23:42:45.251914,43.494,30.87,100883.37,0.310,0.10,3.45,1035
2026-05-23T23:42:45.346080,43.594,30.87,100882.58,0.310,0.06,3.43,1038
2026-05-23T23:42:45.443115,43.694,30.87,100883.20,0.310,0.03,3.41,1038
2026-05-23T23:42:45.548700,43.796,30.87,100882.55,0.310,-0.00,3.39,1038
2026-05-23T23:42:45.661699,43.897,30.88,100882.26,0.310,-0.03,3.36,1043
2026-05-23T23:42:45.764724,43.997,30.87,100882.37,0.310,-0.08,3.33,1048
2026-05-23T23:42:45.856889,44.097,30.88,100881.55,0.310,-0.11,3.31,1048
2026-05-23T23:42:45.946541,44.199,30.88,100882.14,0.310,-0.15,3.28,1053
2026-05-23T23:42:46.051081,44.299,30.88,100881.66,0.310,-0.19,3.25,1053
2026-05-23T23:42:46.166834,44.400,30.88,100883.05,0.310,-0.23,3.22,1056
2026-05-23T23:42:46.260353,44.501,30.88,100882.46,0.310,-0.26,3.19,1058
2026-05-23T23:42:46.345189,44.602,30.87,100881.95,0.310,-0.30,3.17,1071
2026-05-23T23:42:46.460798,44.703,30.87,100882.76,0.310,-0.35,3.14,1073
2026-05-23T23:42:46.555797,44.803,30.88,100883.78,0.310,-0.48,3.17,1073
2026-05-23T23:42:46.672932,44.903,30.88,100883.12,0.310,-0.57,3.18,1074
2026-05-23T23:42:46.749110,45.004,30.88,100883.47,0.310,-0.68,3.09,1078
2026-05-23T23:42:46.864210,45.106,30.88,100882.02,0.310,-1.04,2.61,1083
2026-05-23T23:42:46.965209,45.208,30.88,100881.85,0.310,-1.30,2.03,1083
2026-05-23T23:42:47.063282,45.308,30.88,100880.89,0.310,-1.45,1.60,1083
2026-05-23T23:42:47.168498,45.409,30.87,100880.80,0.310,-1.58,1.30,1083
2026-05-23T23:42:47.304126,45.509,30.86,100881.04,0.360,-1.55,0.98,1083
2026-05-23T23:42:47.367143,45.610,30.86,100880.79,0.360,-1.58,1.03,1083
2026-05-23T23:42:47.472288,45.710,30.85,100881.13,0.360,-1.80,0.90,1083
2026-05-23T23:42:47.573451,45.810,30.85,100881.20,0.410,-1.94,0.86,1083
2026-05-23T23:42:47.676520,45.911,30.84,100881.74,0.410,-2.14,0.60,1083
2026-05-23T23:42:47.767679,46.012,30.84,100881.39,0.410,-2.35,0.21,1083
2026-05-23T23:42:47.870836,46.112,30.84,100881.32,0.410,-2.39,0.08,1083
2026-05-23T23:42:47.968287,46.214,30.83,100881.80,0.410,-2.60,0.06,1083
2026-05-23T23:42:48.063308,46.314,30.83,100881.33,0.410,-2.58,0.23,1083
2026-05-23T23:42:48.170565,46.415,30.83,100881.46,0.410,-2.80,0.16,1083
2026-05-23T23:42:48.254240,46.516,30.83,100881.14,0.410,-2.80,-0.24,1083
2026-05-23T23:42:48.382639,46.616,30.83,100881.62,0.410,-2.95,-0.48,1083
2026-05-23T23:42:48.466760,46.716,30.82,100881.80,0.410,-3.03,-0.55,1083
2026-05-23T23:42:48.560460,46.817,30.82,100881.80,0.410,-3.19,-0.78,1083
2026-05-23T23:42:48.658629,46.918,30.82,100881.62,0.410,-3.05,-1.08,1083
2026-05-23T23:42:48.783267,47.020,30.82,100881.10,0.410,-3.07,-1.13,1091
2026-05-23T23:42:48.880269,47.122,30.82,100881.72,0.410,-3.13,-1.62,1091
2026-05-23T23:42:48.983777,47.222,30.81,100881.49,0.410,-3.08,-1.94,1093
2026-05-23T23:42:49.085933,47.323,30.81,100881.08,0.410,-3.09,-2.21,1094
2026-05-23T23:42:49.171558,47.424,30.81,100881.02,0.410,-2.88,-2.32,1096
2026-05-23T23:42:49.277469,47.526,30.81,100880.98,0.410,-2.81,-2.27,1098
2026-05-23T23:42:49.372596,47.627,30.80,100880.38,0.410,-2.92,-2.55,1101
2026-05-23T23:42:49.480022,47.728,30.80,100880.22,0.410,-2.69,-2.67,1103
2026-05-23T23:42:49.583966,47.830,30.80,100881.73,0.410,-2.62,-2.94,1104
2026-05-23T23:42:49.691479,47.932,30.80,100880.52,0.410,-2.57,-3.14,1104
2026-05-23T23:42:49.785016,48.032,30.80,100880.26,0.410,-2.48,-3.31,1106
2026-05-23T23:42:49.888144,48.133,30.80,100880.69,0.460,-2.50,-3.39,1106
2026-05-23T23:42:49.981822,48.234,30.80,100881.49,0.460,-2.41,-3.49,1108
2026-05-23T23:42:50.096370,48.335,30.79,100881.38,0.460,-2.20,-3.72,1108
2026-05-23T23:42:50.196138,48.436,30.79,100880.95,0.460,-2.02,-3.67,1109
2026-05-23T23:42:50.297409,48.537,30.79,100880.47,0.460,-2.03,-3.96,1113
2026-05-23T23:42:50.392475,48.638,30.79,100881.23,0.460,-1.88,-3.89,1113
2026-05-23T23:42:50.496129,48.738,30.79,100880.60,0.460,-1.86,-4.34,1113
2026-05-23T23:42:50.591209,48.840,30.78,100880.98,0.460,-1.83,-4.13,1113
2026-05-23T23:42:50.689719,48.941,30.78,100880.51,0.460,-1.89,-4.46,1113
2026-05-23T23:42:50.791826,49.042,30.78,100880.88,0.460,-1.84,-4.53,1116
2026-05-23T23:42:50.897827,49.142,30.78,100880.85,0.460,-1.72,-4.91,1116
2026-05-23T23:42:51.000364,49.243,30.78,100880.99,0.460,-1.48,-4.76,1119
2026-05-23T23:42:51.095972,49.343,30.78,100881.66,0.460,-1.44,-4.39,1121
2026-05-23T23:42:51.191471,49.445,30.78,100881.55,0.460,-1.41,-4.33,1123
2026-05-23T23:42:51.294587,49.546,30.77,100880.55,0.460,-1.24,-4.57,1124
2026-05-23T23:42:51.405194,49.648,30.77,100879.97,0.460,-1.26,-4.66,1124
2026-05-23T23:42:51.504920,49.749,30.77,100880.93,0.460,-1.00,-4.52,1126
2026-05-23T23:42:51.599428,49.851,30.76,100881.18,0.460,-1.10,-4.68,1128
2026-05-23T23:42:51.713961,49.952,30.76,100881.12,0.460,-0.88,-4.67,1131
2026-05-23T23:42:51.821380,50.053,30.76,100880.54,0.460,-0.73,-4.67,1131
2026-05-23T23:42:51.915920,50.154,30.75,100879.91,0.460,-0.57,-4.66,1131
2026-05-23T23:42:52.000646,50.255,30.75,100879.95,0.460,-0.57,-4.57,1131
2026-05-23T23:42:52.150011,50.355,30.74,100880.65,0.460,-0.32,-4.21,1133
2026-05-23T23:42:52.220011,50.456,30.75,100881.98,0.460,-0.26,-4.01,1134
2026-05-23T23:42:52.314826,50.557,30.74,100881.11,0.460,-0.18,-3.67,1136
2026-05-23T23:42:52.443634,50.658,30.74,100879.85,0.460,-0.21,-3.73,1136
2026-05-23T23:42:52.532281,50.760,30.74,100880.08,0.460,-0.10,-3.57,1138
2026-05-23T23:42:52.608790,50.860,30.74,100880.07,0.460,0.01,-3.30,1156
2026-05-23T23:42:52.734789,50.961,30.73,100879.57,0.460,0.09,-3.01,1156
2026-05-23T23:42:52.818809,51.062,30.73,100879.50,0.510,0.14,-3.07,1156
2026-05-23T23:42:52.927322,51.163,30.73,100879.74,0.510,0.24,-2.95,1156
2026-05-23T23:42:53.018831,51.263,30.72,100880.46,0.510,0.13,-2.84,1156
2026-05-23T23:42:53.132686,51.364,30.72,100880.05,0.510,0.12,-3.03,1158
2026-05-23T23:42:53.247686,51.465,30.71,100880.16,0.510,0.05,-3.02,1161
2026-05-23T23:42:53.316138,51.566,30.71,100879.49,0.510,0.21,-2.66,1163
2026-05-23T23:42:53.425857,51.666,30.71,100879.56,0.510,0.10,-3.16,1164
2026-05-23T23:42:53.523873,51.767,30.71,100880.37,0.510,0.18,-3.19,1164
2026-05-23T23:42:53.637896,51.867,30.70,100879.83,0.510,0.16,-2.80,1166
2026-05-23T23:42:53.728896,51.968,30.70,100880.16,0.510,0.22,-3.05,1169
2026-05-23T23:42:53.829896,52.069,30.69,100880.57,0.510,0.11,-3.36,1170
2026-05-23T23:42:53.915896,52.170,30.69,100880.38,0.510,0.41,-3.58,1173
2026-05-23T23:42:54.031920,52.271,30.69,100880.46,0.510,0.22,-3.58,1176
2026-05-23T23:42:54.123975,52.372,30.69,100880.28,0.510,0.32,-3.60,1176
2026-05-23T23:42:54.225000,52.473,30.69,100880.41,0.510,0.09,-3.55,1176
2026-05-23T23:42:54.336699,52.574,30.68,100880.12,0.510,0.09,-3.56,1176
2026-05-23T23:42:54.431738,52.674,30.68,100880.22,0.510,-0.19,-3.16,1176
2026-05-23T23:42:54.535607,52.775,30.67,100879.80,0.510,-0.31,-3.18,1176
2026-05-23T23:42:54.643637,52.876,30.67,100879.51,0.510,-0.54,-3.14,1179
2026-05-23T23:42:54.746147,52.978,30.66,100879.59,0.510,-0.71,-3.28,1181
2026-05-23T23:42:54.832146,53.079,30.66,100879.52,0.510,-0.79,-3.11,1181
2026-05-23T23:42:54.928146,53.179,30.66,100879.43,0.570,-0.82,-2.60,1185
2026-05-23T23:42:55.034148,53.279,30.66,100879.51,0.570,-1.08,-2.77,1186
2026-05-23T23:42:55.144439,53.379,30.66,100880.06,0.570,-1.27,-2.84,1188
2026-05-23T23:42:55.262975,53.479,30.65,100879.77,0.570,-1.43,-2.75,1189
2026-05-23T23:42:55.345453,53.581,30.65,100879.48,0.570,-1.55,-2.82,1191
2026-05-23T23:42:55.439571,53.681,30.65,100879.39,0.570,-1.75,-2.95,1193
2026-05-23T23:42:55.541078,53.782,30.64,100879.01,0.570,-1.88,-2.76,1196
2026-05-23T23:42:55.639934,53.883,30.64,100879.27,0.570,-2.05,-2.52,1199
2026-05-23T23:42:55.732467,53.985,30.64,100879.38,0.570,-2.05,-2.86,1201
2026-05-23T23:42:55.849468,54.087,30.64,100880.27,0.570,-2.18,-3.24,1203
2026-05-23T23:42:55.944492,54.187,30.64,100879.73,0.570,-2.35,-3.62,1206
2026-05-23T23:42:56.048000,54.288,30.64,100879.57,0.570,-2.54,-3.81,1209
2026-05-23T23:42:56.140153,54.390,30.63,100879.48,0.570,-2.66,-3.99,1210
2026-05-23T23:42:56.252671,54.490,30.63,100879.90,0.570,-2.53,-4.03,1210
2026-05-23T23:42:56.343741,54.591,30.63,100879.92,0.570,-2.80,-4.47,1211
2026-05-23T23:42:56.457741,54.691,30.62,100879.41,0.570,-2.74,-5.35,1214
2026-05-23T23:42:56.548253,54.792,30.62,100878.64,0.570,-2.89,-6.02,1214
2026-05-23T23:42:56.648779,54.893,30.62,100878.53,0.570,-2.91,-6.96,1214
2026-05-23T23:42:56.761830,54.993,30.61,100879.23,0.570,-2.99,-7.82,1214
2026-05-23T23:42:56.843865,55.094,30.61,100879.15,0.570,-3.02,-8.90,1211
2026-05-23T23:42:56.959511,55.195,30.61,100879.06,0.570,-2.93,-10.47,1211
2026-05-23T23:42:57.048534,55.295,30.61,100878.89,0.620,-2.87,-12.12,1210
2026-05-23T23:42:57.143576,55.395,30.60,100879.67,0.620,-2.99,-14.78,1123
2026-05-23T23:42:57.256576,55.496,30.60,100881.31,0.620,-3.09,-17.77,1086
2026-05-23T23:42:57.343256,55.597,30.60,100881.91,0.560,-2.92,-18.79,1053
2026-05-23T23:42:57.448362,55.697,30.60,100882.10,0.510,-2.66,-13.92,1053
2026-05-23T23:42:57.568388,55.798,30.60,100881.71,0.510,-2.07,4.10,1053
2026-05-23T23:42:57.661932,55.899,30.60,100882.13,0.450,-2.20,4.60,1053
2026-05-23T23:42:57.773924,56.001,30.60,100882.65,0.400,-2.38,1.58,1051
2026-05-23T23:42:57.892924,56.101,30.61,100883.09,0.400,-2.15,2.73,1023
2026-05-23T23:42:57.958924,56.203,30.61,100883.09,0.400,-2.39,2.18,1023
2026-05-23T23:42:58.049207,56.305,30.61,100882.33,0.350,-2.34,3.08,1023
2026-05-23T23:42:58.157573,56.406,30.61,100882.59,0.350,-2.38,2.86,1023
2026-05-23T23:42:58.249086,56.507,30.61,100881.90,0.350,-2.23,2.80,1023
2026-05-23T23:42:58.366431,56.608,30.61,100882.41,0.350,-2.23,3.09,1023
2026-05-23T23:42:58.459991,56.708,30.61,100882.44,0.350,-2.18,2.99,1023
2026-05-23T23:42:58.568261,56.810,30.62,100882.73,0.350,-2.14,3.07,1023
2026-05-23T23:42:58.660286,56.910,30.62,100882.26,0.350,-2.17,3.19,1023
2026-05-23T23:42:58.765330,57.011,30.62,100881.99,0.350,-2.14,3.19,1023
2026-05-23T23:42:58.860349,57.111,30.62,100881.17,0.350,-2.05,3.24,1023
2026-05-23T23:42:58.956349,57.211,30.62,100880.87,0.350,-1.84,3.32,1023
2026-05-23T23:42:59.075860,57.312,30.62,100881.45,0.350,-1.81,3.32,1023
2026-05-23T23:42:59.179883,57.413,30.62,100881.23,0.400,-1.74,3.39,1023
2026-05-23T23:42:59.272932,57.514,30.62,100881.57,0.400,-1.64,3.39,1023
2026-05-23T23:42:59.359952,57.614,30.62,100881.70,0.400,-1.57,3.42,1023
2026-05-23T23:42:59.476950,57.714,30.62,100881.66,0.400,-1.51,3.46,1023
2026-05-23T23:42:59.568967,57.814,30.63,100882.38,0.400,-1.45,3.47,1023
2026-05-23T23:42:59.672970,57.915,30.63,100882.74,0.400,-1.37,3.50,1040
2026-05-23T23:42:59.780195,58.016,30.63,100882.75,0.400,-1.30,3.50,1045
2026-05-23T23:42:59.885200,58.117,30.63,100882.59,0.350,-1.23,3.49,1051
2026-05-23T23:42:59.980201,58.218,30.63,100881.64,0.350,-1.15,3.48,1053
2026-05-23T23:43:00.068389,58.319,30.63,100881.41,0.350,-1.09,3.48,1053
2026-05-23T23:43:00.173591,58.419,30.63,100882.54,0.350,-1.04,3.45,1083
2026-05-23T23:43:00.293125,58.520,30.63,100881.78,0.350,-0.96,3.13,1096
2026-05-23T23:43:00.383777,58.622,30.63,100880.77,0.350,-0.98,2.65,1098
2026-05-23T23:43:00.475929,58.722,30.63,100879.95,0.350,-1.06,2.17,1103
2026-05-23T23:43:00.582074,58.822,30.62,100878.88,0.400,-1.22,1.74,1108
2026-05-23T23:43:00.679076,58.923,30.62,100879.18,0.460,-1.04,1.62,1118
2026-05-23T23:43:00.795602,59.024,30.62,100880.23,0.510,-1.09,1.35,1119
2026-05-23T23:43:00.885602,59.124,30.61,100879.57,0.510,-1.10,1.17,1123
2026-05-23T23:43:00.987114,59.225,30.61,100879.98,0.510,-0.97,1.11,1126
2026-05-23T23:43:01.079131,59.325,30.60,100880.38,0.510,-0.85,0.91,1126
2026-05-23T23:43:01.191666,59.426,30.60,100881.30,0.510,-0.92,0.74,1126
2026-05-23T23:43:01.286912,59.526,30.59,100880.82,0.510,-0.83,0.51,1131
2026-05-23T23:43:01.380159,59.628,30.59,100879.80,0.510,-0.78,0.22,1134
2026-05-23T23:43:01.500886,59.729,30.58,100880.08,0.510,-0.59,0.09,1136
2026-05-23T23:43:01.592886,59.829,30.58,100879.46,0.510,-0.49,-0.28,1138
2026-05-23T23:43:01.688400,59.930,30.58,100880.01,0.510,-0.61,-0.63,1141
2026-05-23T23:43:01.792120,60.031,30.57,100879.44,0.510,-0.50,-1.04,1141
2026-05-23T23:43:01.888121,60.132,30.57,100878.85,0.510,-0.42,-1.13,1143
2026-05-23T23:43:01.984270,60.234,30.57,100879.68,0.570,-0.31,-1.00,1146
2026-05-23T23:43:02.108321,60.334,30.57,100879.05,0.570,-0.32,-1.49,1146
2026-05-23T23:43:02.169010,60.434,30.57,100879.52,0.570,-0.20,-1.60,1148
2026-05-23T23:43:02.296010,60.535,30.56,100879.07,0.570,0.01,-1.56,1153
2026-05-23T23:43:02.388473,60.637,30.56,100879.35,0.570,-0.08,-2.11,1156
2026-05-23T23:43:02.493994,60.737,30.56,100880.16,0.570,0.02,-1.85,1161
2026-05-23T23:43:02.588101,60.837,30.56,100879.08,0.570,0.08,-1.67,1166
2026-05-23T23:43:02.683999,60.939,30.56,100879.31,0.570,0.06,-2.22,1169
2026-05-23T23:43:02.799192,61.041,30.55,100878.89,0.570,0.02,-2.54,1174
2026-05-23T23:43:02.884615,61.142,30.55,100878.78,0.570,-0.01,-2.42,1179
2026-05-23T23:43:03.000129,61.242,30.55,100879.07,0.570,-0.03,-2.95,1181
2026-05-23T23:43:03.093640,61.344,30.55,100879.12,0.570,-0.08,-3.29,1186
2026-05-23T23:43:03.186684,61.444,30.55,100879.94,0.570,-0.30,-3.76,1186
2026-05-23T23:43:03.304194,61.545,30.54,100879.17,0.570,-0.26,-3.78,1189
2026-05-23T23:43:03.399636,61.645,30.54,100878.30,0.570,-0.41,-4.11,1191
2026-05-23T23:43:03.515660,61.745,30.54,100878.33,0.620,-0.44,-4.56,1196
2026-05-23T23:43:03.599660,61.846,30.54,100878.13,0.620,-0.41,-4.61,1199
2026-05-23T23:43:03.707172,61.948,30.54,100878.53,0.620,-0.30,-4.82,1200
2026-05-23T23:43:03.800171,62.050,30.54,100878.86,0.670,-0.16,-4.94,1201
2026-05-23T23:43:03.909737,62.150,30.54,100879.16,0.670,-0.37,-5.18,1206
2026-05-23T23:43:04.011220,62.252,30.54,100879.29,0.670,-0.34,-5.54,1210
2026-05-23T23:43:04.115731,62.353,30.54,100879.02,0.670,-0.34,-5.53,1216
2026-05-23T23:43:04.212267,62.455,30.54,100879.33,0.670,-0.58,-6.10,1219
2026-05-23T23:43:04.329143,62.557,30.54,100878.51,0.670,-0.52,-6.81,1224
2026-05-23T23:43:04.408916,62.657,30.53,100878.81,0.670,-0.79,-7.75,1225
2026-05-23T23:43:04.507704,62.758,30.53,100879.21,0.670,-0.95,-8.80,1236
2026-05-23T23:43:04.623799,62.859,30.53,100879.20,0.670,-1.19,-10.93,1236
2026-05-23T23:43:04.726832,62.959,30.53,100879.88,0.620,-1.20,-13.97,1209
2026-05-23T23:43:04.822703,63.060,30.53,100880.02,0.620,-1.40,-18.23,1068
2026-05-23T23:43:04.908315,63.161,30.53,100880.25,0.620,-1.23,-21.28,1053
2026-05-23T23:43:05.000824,63.262,30.53,100880.49,0.620,-1.06,-20.08,1053
2026-05-23T23:43:05.117850,63.362,30.53,100880.80,0.570,-0.81,-6.86,1053
2026-05-23T23:43:05.223120,63.463,30.53,100881.34,0.570,-0.61,2.76,1053
2026-05-23T23:43:05.320122,63.563,30.53,100880.45,0.510,-0.69,-2.02,1039
2026-05-23T23:43:05.415324,63.664,30.53,100880.52,0.510,-1.21,0.14,1023
2026-05-23T23:43:05.529027,63.764,30.53,100880.89,0.510,-1.05,-1.21,1023
2026-05-23T23:43:05.644537,63.865,30.53,100880.98,0.510,-1.08,0.06,1023
2026-05-23T23:43:05.732854,63.965,30.53,100881.11,0.510,-1.20,-0.38,1023
2026-05-23T23:43:05.823910,64.065,30.54,100881.62,0.510,-1.28,0.05,1023
2026-05-23T23:43:05.907910,64.166,30.54,100881.32,0.460,-1.31,0.12,1023
2026-05-23T23:43:06.024930,64.267,30.54,100880.81,0.460,-1.44,0.29,1023
2026-05-23T23:43:06.164931,64.367,30.54,100881.33,0.460,-1.55,0.60,1023
2026-05-23T23:43:06.222930,64.467,30.54,100881.08,0.460,-1.60,0.76,1023
2026-05-23T23:43:06.320442,64.569,30.54,100880.45,0.460,-1.61,0.90,1023
2026-05-23T23:43:06.447441,64.669,30.55,100880.36,0.460,-1.62,1.17,1023
2026-05-23T23:43:06.528954,64.769,30.55,100880.69,0.460,-1.61,1.32,1023
2026-05-23T23:43:06.655954,64.871,30.55,100880.84,0.460,-1.62,1.55,1023
2026-05-23T23:43:06.728983,64.971,30.55,100880.54,0.460,-1.62,1.68,1023
2026-05-23T23:43:06.835982,65.073,30.55,100880.56,0.460,-1.62,1.93,1023
2026-05-23T23:43:06.933929,65.174,30.55,100880.48,0.460,-1.61,2.06,1023
2026-05-23T23:43:07.034605,65.275,30.56,100880.20,0.460,-1.57,2.24,1023
2026-05-23T23:43:07.128801,65.376,30.56,100880.38,0.460,-1.59,2.39,1023
2026-05-23T23:43:07.224345,65.478,30.56,100881.03,0.460,-1.61,2.53,1023
2026-05-23T23:43:07.359366,65.578,30.56,100880.22,0.460,-1.62,2.73,1023
2026-05-23T23:43:07.428364,65.678,30.56,100880.64,0.460,-1.62,2.84,1023
2026-05-23T23:43:07.539742,65.779,30.56,100880.10,0.460,-1.60,2.98,1023
2026-05-23T23:43:07.635742,65.880,30.56,100879.86,0.460,-1.56,3.07,1023
2026-05-23T23:43:07.739837,65.980,30.57,100880.36,0.510,-1.54,3.19,1023
2026-05-23T23:43:07.835864,66.081,30.57,100880.83,0.510,-1.53,3.29,1023
2026-05-23T23:43:07.931530,66.182,30.57,100880.63,0.510,-1.51,3.39,1023
2026-05-23T23:43:08.035564,66.283,30.56,100879.82,0.510,-1.49,3.48,1023
2026-05-23T23:43:08.132108,66.384,30.57,100881.05,0.510,-1.47,3.56,1023
2026-05-23T23:43:08.237158,66.485,30.57,100880.44,0.510,-1.45,3.63,1023
2026-05-23T23:43:08.340182,66.585,30.57,100880.28,0.510,-1.44,3.69,1023
2026-05-23T23:43:08.437603,66.685,30.57,100879.62,0.510,-1.41,3.75,1023
2026-05-23T23:43:08.555110,66.787,30.57,100880.68,0.510,-1.38,3.80,1023
2026-05-23T23:43:08.658156,66.888,30.58,100880.66,0.510,-1.35,3.84,1023
2026-05-23T23:43:08.759744,66.988,30.58,100881.72,0.510,-1.33,3.87,1023
2026-05-23T23:43:08.850743,67.090,30.58,100881.22,0.510,-1.31,3.89,1023
2026-05-23T23:43:08.946743,67.191,30.58,100881.09,0.460,-1.28,3.91,1023
2026-05-23T23:43:09.052292,67.292,30.58,100881.66,0.460,-1.26,3.91,1023
2026-05-23T23:43:09.157313,67.392,30.58,100881.87,0.460,-1.23,3.91,1023
2026-05-23T23:43:09.259428,67.492,30.58,100880.12,0.460,-1.20,3.90,1023
2026-05-23T23:43:09.347966,67.593,30.58,100880.27,0.460,-1.17,3.89,1023
2026-05-23T23:43:09.451736,67.694,30.58,100880.38,0.460,-1.15,3.87,1023
2026-05-23T23:43:09.564566,67.795,30.58,100881.73,0.460,-1.12,3.85,1023
2026-05-23T23:43:09.653795,67.896,30.59,100881.59,0.460,-1.10,3.82,1023
2026-05-23T23:43:09.768482,67.998,30.59,100881.80,0.460,-1.07,3.79,1023
2026-05-23T23:43:09.848483,68.099,30.59,100882.68,0.460,-1.05,3.76,1023
2026-05-23T23:43:09.943483,68.199,30.59,100882.39,0.410,-1.03,3.72,1023
2026-05-23T23:43:10.060271,68.299,30.59,100881.62,0.410,-1.00,3.67,1023
2026-05-23T23:43:10.132844,68.400,30.59,100881.42,0.410,-0.99,3.64,1023
2026-05-23T23:43:10.258662,68.501,30.59,100881.05,0.410,-0.96,3.57,1023
2026-05-23T23:43:10.353197,68.602,30.60,100881.18,0.410,-0.94,3.53,1023
2026-05-23T23:43:10.458770,68.703,30.60,100881.83,0.410,-0.92,3.47,1023
2026-05-23T23:43:10.552271,68.804,30.60,100881.70,0.410,-0.91,3.42,1023
2026-05-23T23:43:10.646781,68.904,30.60,100880.79,0.410,-0.89,3.36,1023
2026-05-23T23:43:10.761364,69.005,30.60,100880.70,0.410,-0.88,3.30,1023
2026-05-23T23:43:10.855115,69.105,30.60,100881.37,0.410,-0.86,3.24,1023
2026-05-23T23:43:10.962880,69.206,30.60,100881.52,0.410,-0.85,3.18,1023
2026-05-23T23:43:11.058397,69.307,30.60,100881.38,0.410,-0.84,3.13,1023
2026-05-23T23:43:11.154448,69.407,30.60,100881.30,0.410,-0.83,3.07,1023
2026-05-23T23:43:11.258650,69.508,30.61,100882.38,0.410,-0.82,3.01,1023
2026-05-23T23:43:11.375907,69.608,30.61,100882.04,0.410,-0.81,2.95,1023
2026-05-23T23:43:11.479153,69.710,30.61,100882.27,0.410,-0.81,2.90,1023
2026-05-23T23:43:11.555527,69.811,30.61,100881.38,0.410,-0.80,2.85,1023
2026-05-23T23:43:11.670355,69.912,30.61,100881.26,0.410,-0.80,2.79,1023
2026-05-23T23:43:11.786217,70.014,30.61,100881.20,0.410,-0.79,2.74,1023
2026-05-23T23:43:11.861389,70.115,30.61,100881.59,0.410,-0.79,2.70,1023
2026-05-23T23:43:11.967176,70.217,30.62,100882.37,0.410,-0.79,2.65,1023
2026-05-23T23:43:12.071286,70.318,30.62,100881.80,0.410,-0.79,2.60,1023
2026-05-23T23:43:12.167464,70.419,30.62,100881.32,0.410,-0.79,2.56,1023
2026-05-23T23:43:12.283039,70.519,30.62,100881.24,0.410,-0.80,2.52,1023
2026-05-23T23:43:12.376223,70.621,30.62,100881.48,0.410,-0.80,2.49,1023
2026-05-23T23:43:12.483053,70.722,30.62,100881.50,0.410,-0.80,2.45,1023
2026-05-23T23:43:12.575621,70.823,30.62,100881.98,0.410,-0.81,2.42,1023
2026-05-23T23:43:12.704170,70.925,30.62,100881.44,0.410,-0.81,2.38,1023
2026-05-23T23:43:12.768301,71.025,30.62,100881.12,0.410,-0.82,2.36,1023
2026-05-23T23:43:12.894223,71.127,30.63,100881.05,0.410,-0.83,2.33,1023
2026-05-23T23:43:12.988223,71.229,30.63,100880.95,0.410,-0.83,2.31,1023
2026-05-23T23:43:13.072284,71.329,30.63,100881.23,0.410,-0.84,2.30,1023
2026-05-23T23:43:13.188580,71.429,30.63,100881.87,0.410,-0.85,2.28,1023
2026-05-23T23:43:13.288854,71.529,30.63,100882.37,0.410,-0.86,2.27,1023
2026-05-23T23:43:13.379467,71.630,30.63,100881.95,0.410,-0.86,2.26,1023
2026-05-23T23:43:13.484263,71.732,30.63,100881.77,0.410,-0.87,2.25,1023
2026-05-23T23:43:13.599281,71.832,30.63,100880.65,0.410,-0.88,2.24,1023
2026-05-23T23:43:13.685986,71.933,30.63,100880.99,0.410,-0.89,2.23,1023
2026-05-23T23:43:13.779226,72.034,30.63,100880.14,0.410,-0.89,2.23,1023
2026-05-23T23:43:13.883755,72.134,30.63,100880.53,0.410,-0.90,2.23,1023
2026-05-23T23:43:13.969757,72.236,30.64,100881.72,0.410,-0.91,2.23,1023
2026-05-23T23:43:14.096266,72.338,30.64,100881.52,0.410,-0.92,2.24,1023
2026-05-23T23:43:14.190444,72.439,30.64,100881.73,0.410,-0.93,2.25,1023
2026-05-23T23:43:14.293720,72.540,30.64,100881.41,0.410,-0.94,2.26,1023
2026-05-23T23:43:14.388261,72.642,30.64,100881.58,0.410,-0.95,2.27,1023
2026-05-23T23:43:14.527940,72.743,30.64,100881.59,0.410,-0.96,2.28,1023
2026-05-23T23:43:14.588610,72.844,30.64,100882.17,0.410,-0.97,2.29,1023
2026-05-23T23:43:14.707610,72.945,30.64,100882.36,0.410,-0.98,2.30,1023
2026-05-23T23:43:14.801666,73.046,30.65,100881.68,0.410,-0.98,2.31,1023
2026-05-23T23:43:14.904177,73.148,30.65,100882.04,0.410,-0.99,2.32,1023
2026-05-23T23:43:14.999196,73.248,30.65,100881.43,0.410,-1.00,2.34,1023
2026-05-23T23:43:15.094197,73.350,30.65,100881.85,0.410,-1.00,2.35,1023
2026-05-23T23:43:15.210712,73.450,30.65,100883.23,0.410,-1.00,2.37,1023
2026-05-23T23:43:15.300043,73.551,30.65,100882.05,0.360,-1.01,2.39,1023
2026-05-23T23:43:15.414268,73.652,30.65,100881.99,0.360,-1.02,2.41,1023
2026-05-23T23:43:15.512533,73.753,30.65,100882.91,0.360,-1.02,2.43,1023
2026-05-23T23:43:15.623102,73.854,30.66,100882.48,0.360,-1.03,2.45,1023
2026-05-23T23:43:15.711105,73.955,30.66,100882.48,0.360,-1.03,2.47,1023
2026-05-23T23:43:15.807162,74.056,30.66,100881.36,0.360,-1.03,2.48,1023
2026-05-23T23:43:15.916162,74.158,30.66,100881.63,0.360,-1.04,2.50,1023
2026-05-23T23:43:16.007162,74.259,30.66,100881.83,0.360,-1.04,2.52,1023
2026-05-23T23:43:16.118669,74.360,30.66,100881.15,0.360,-1.04,2.54,1023
2026-05-23T23:43:16.218695,74.460,30.66,100881.03,0.360,-1.04,2.56,1023
2026-05-23T23:43:16.319172,74.561,30.67,100881.73,0.410,-1.05,2.58,1023
2026-05-23T23:43:16.445424,74.661,30.67,100882.24,0.410,-1.05,2.59,1023
2026-05-23T23:43:16.516425,74.761,30.67,100882.23,0.410,-1.04,2.61,1023
2026-05-23T23:43:16.633424,74.863,30.67,100882.10,0.410,-1.04,2.62,1023
2026-05-23T23:43:16.729937,74.963,30.68,100882.56,0.410,-1.04,2.64,1023
2026-05-23T23:43:16.819799,75.064,30.68,100882.87,0.360,-1.04,2.65,1023
2026-05-23T23:43:16.915309,75.166,30.68,100882.96,0.360,-1.04,2.66,1023
2026-05-23T23:43:17.019345,75.267,30.69,100882.86,0.360,-1.04,2.68,1023
2026-05-23T23:43:17.136834,75.367,30.69,100881.58,0.360,-1.04,2.69,1023
2026-05-23T23:43:17.212957,75.468,30.69,100881.95,0.360,-1.04,2.70,1023
2026-05-23T23:43:17.336143,75.569,30.69,100882.41,0.360,-1.04,2.71,1023
2026-05-23T23:43:17.420142,75.670,30.69,100882.42,0.360,-1.04,2.72,1023
2026-05-23T23:43:17.551394,75.770,30.69,100882.23,0.360,-1.03,2.73,1023
2026-05-23T23:43:17.622394,75.870,30.70,100882.34,0.360,-1.03,2.73,1023
2026-05-23T23:43:17.733493,75.970,30.70,100881.83,0.360,-1.03,2.74,1023
2026-05-23T23:43:17.813568,76.070,30.70,100882.57,0.360,-1.03,2.74,1023
2026-05-23T23:43:17.934110,76.170,30.70,100881.69,0.360,-1.03,2.75,1023
2026-05-23T23:43:18.030620,76.272,30.70,100882.44,0.360,-1.03,2.76,1023
2026-05-23T23:43:18.126619,76.373,30.70,100882.07,0.360,-1.03,2.76,1023
2026-05-23T23:43:18.220619,76.473,30.70,100882.85,0.360,-1.03,2.76,1023
2026-05-23T23:43:18.326185,76.574,30.70,100881.88,0.360,-1.02,2.77,1023
2026-05-23T23:43:18.432760,76.675,30.71,100882.63,0.360,-1.02,2.77,1023
2026-05-23T23:43:18.527307,76.776,30.71,100882.38,0.360,-1.02,2.77,1023
2026-05-23T23:43:18.630412,76.876,30.71,100882.32,0.360,-1.02,2.77,1023
2026-05-23T23:43:18.735480,76.977,30.71,100882.50,0.360,-1.01,2.77,1023
2026-05-23T23:43:18.809232,77.078,30.71,100882.28,0.360,-1.01,2.77,1023
2026-05-23T23:43:18.934232,77.180,30.72,100883.09,0.360,-1.01,2.76,1023
2026-05-23T23:43:19.030742,77.280,30.72,100882.52,0.360,-1.01,2.76,1023
2026-05-23T23:43:19.135252,77.381,30.72,100882.82,0.360,-1.00,2.76,1023
2026-05-23T23:43:19.239252,77.482,30.72,100882.98,0.360,-1.00,2.75,1023
2026-05-23T23:43:19.344787,77.582,30.72,100882.81,0.310,-1.00,2.75,1023
2026-05-23T23:43:19.440000,77.683,30.72,100883.09,0.310,-1.00,2.75,1023
2026-05-23T23:43:19.531228,77.785,30.72,100882.73,0.310,-0.99,2.74,1023
2026-05-23T23:43:19.647469,77.885,30.72,100882.39,0.310,-0.99,2.74,1023
2026-05-23T23:43:19.742671,77.985,30.72,100882.00,0.310,-0.99,2.73,1023
2026-05-23T23:43:19.836097,78.085,30.72,100881.90,0.310,-0.99,2.73,1023
2026-05-23T23:43:19.943037,78.186,30.73,100882.32,0.310,-0.98,2.72,1023
2026-05-23T23:43:20.045917,78.288,30.73,100882.19,0.310,-0.98,2.72,1023
2026-05-23T23:43:20.141554,78.390,30.73,100882.41,0.310,-0.98,2.71,1023
2026-05-23T23:43:20.237828,78.491,30.73,100881.77,0.310,-0.98,2.71,1023
2026-05-23T23:43:20.354822,78.593,30.73,100881.28,0.310,-0.98,2.70,1023
2026-05-23T23:43:20.438521,78.694,30.74,100881.80,0.310,-0.97,2.70,1023
2026-05-23T23:43:20.559933,78.794,30.74,100881.39,0.360,-0.97,2.69,1023
2026-05-23T23:43:20.660017,78.895,30.74,100881.70,0.360,-0.97,2.68,1023
2026-05-23T23:43:20.755241,78.996,30.74,100882.30,0.360,-0.97,2.68,1023
2026-05-23T23:43:20.842016,79.096,30.74,100882.00,0.360,-0.97,2.67,1023
2026-05-23T23:43:20.955799,79.197,30.74,100882.06,0.360,-0.97,2.67,1023
2026-05-23T23:43:21.052551,79.298,30.74,100881.62,0.360,-0.97,2.66,1023
2026-05-23T23:43:21.149079,79.399,30.74,100880.91,0.360,-0.97,2.66,1023
2026-05-23T23:43:21.252129,79.499,30.74,100880.41,0.360,-0.97,2.65,1023
2026-05-23T23:43:21.348183,79.601,30.75,100881.34,0.360,-0.97,2.65,1023
2026-05-23T23:43:21.488550,79.701,30.75,100880.50,0.410,-0.97,2.64,1023
2026-05-23T23:43:21.578924,79.801,30.75,100880.87,0.410,-0.97,2.64,1023
2026-05-23T23:43:21.660559,79.903,30.75,100880.51,0.410,-0.98,2.63,1023
2026-05-23T23:43:21.755107,80.003,30.75,100881.08,0.410,-0.98,2.63,1023
2026-05-23T23:43:21.848843,80.105,30.75,100880.82,0.410,-0.98,2.63,1023
2026-05-23T23:43:21.963901,80.205,30.75,100880.35,0.410,-0.98,2.62,1023
2026-05-23T23:43:22.058094,80.305,30.75,100881.48,0.410,-0.98,2.62,1023
2026-05-23T23:43:22.163754,80.407,30.75,100881.26,0.410,-0.98,2.62,1023
2026-05-23T23:43:22.258879,80.508,30.76,100881.10,0.410,-0.98,2.61,1023
2026-05-23T23:43:22.364607,80.609,30.76,100880.96,0.410,-0.98,2.61,1023
2026-05-23T23:43:22.458839,80.709,30.76,100881.77,0.410,-0.98,2.61,1023
2026-05-23T23:43:22.566015,80.810,30.76,100881.69,0.410,-0.98,2.61,1023
2026-05-23T23:43:22.656525,80.912,30.76,100881.36,0.410,-0.98,2.61,1023
2026-05-23T23:43:22.771849,81.012,30.76,100880.95,0.410,-0.99,2.61,1023
2026-05-23T23:43:22.868880,81.113,30.77,100881.59,0.410,-0.99,2.61,1023
2026-05-23T23:43:22.973416,81.214,30.77,100881.96,0.410,-0.99,2.61,1023
2026-05-23T23:43:23.064416,81.316,30.77,100881.55,0.410,-0.99,2.60,1023
2026-05-23T23:43:23.170616,81.416,30.77,100881.94,0.410,-0.99,2.60,1023
2026-05-23T23:43:23.265366,81.517,30.77,100881.94,0.410,-0.99,2.60,1023
2026-05-23T23:43:23.350226,81.619,30.77,100882.19,0.410,-0.99,2.60,1023
2026-05-23T23:43:23.486247,81.720,30.78,100882.15,0.410,-0.98,2.60,1023
2026-05-23T23:43:23.571387,81.820,30.78,100882.09,0.410,-0.99,2.60,1023
2026-05-23T23:43:23.675412,81.921,30.78,100882.10,0.360,-0.98,2.61,1023
2026-05-23T23:43:23.757983,82.021,30.78,100882.83,0.360,-0.98,2.61,1023
2026-05-23T23:43:23.863572,82.122,30.78,100882.65,0.360,-0.98,2.61,1023
2026-05-23T23:43:23.968084,82.223,30.78,100882.33,0.360,-0.98,2.61,1023
2026-05-23T23:43:24.083592,82.324,30.78,100881.59,0.360,-0.98,2.61,1023
2026-05-23T23:43:24.178395,82.425,30.78,100881.85,0.360,-0.98,2.61,1023
2026-05-23T23:43:24.282580,82.526,30.78,100881.88,0.360,-0.98,2.61,1023
2026-05-23T23:43:24.379797,82.627,30.79,100882.39,0.360,-0.98,2.61,1023
2026-05-23T23:43:24.487544,82.728,30.79,100881.84,0.360,-0.99,2.62,1023
2026-05-23T23:43:24.576537,82.829,30.79,100882.17,0.360,-0.98,2.62,1023
2026-05-23T23:43:24.683057,82.930,30.79,100881.95,0.360,-0.98,2.62,1023
2026-05-23T23:43:24.798925,83.031,30.79,100881.23,0.360,-0.98,2.62,1023
2026-05-23T23:43:24.893015,83.131,30.79,100881.68,0.360,-0.98,2.62,1023
2026-05-23T23:43:24.977491,83.232,30.79,100882.40,0.360,-0.98,2.62,1023
2026-05-23T23:43:25.092290,83.334,30.79,100882.68,0.360,-0.99,2.63,1023
2026-05-23T23:43:25.194801,83.434,30.79,100881.99,0.360,-0.99,2.63,1023
2026-05-23T23:43:25.281865,83.535,30.79,100881.38,0.360,-0.99,2.63,1023
2026-05-23T23:43:25.403200,83.637,30.80,100882.01,0.360,-0.99,2.63,1023
2026-05-23T23:43:25.481887,83.737,30.80,100882.04,0.360,-0.99,2.63,1023
2026-05-23T23:43:25.603941,83.837,30.80,100881.05,0.360,-0.98,2.63,1023
2026-05-23T23:43:25.683941,83.938,30.80,100881.12,0.360,-0.99,2.64,1023
2026-05-23T23:43:25.790009,84.038,30.80,100881.70,0.360,-0.99,2.64,1023
2026-05-23T23:43:25.883548,84.139,30.80,100881.09,0.360,-0.99,2.64,1023
2026-05-23T23:43:26.011058,84.239,30.80,100882.02,0.360,-0.99,2.64,1023
2026-05-23T23:43:26.085713,84.340,30.80,100881.78,0.360,-0.99,2.64,1023
2026-05-23T23:43:26.193715,84.440,30.80,100881.70,0.360,-0.99,2.64,1023
2026-05-23T23:43:26.288790,84.541,30.81,100881.85,0.360,-1.00,2.64,1023
2026-05-23T23:43:26.417495,84.643,30.81,100881.62,0.360,-1.00,2.64,1023
2026-05-23T23:43:26.491496,84.744,30.81,100881.88,0.360,-0.99,2.64,1023
2026-05-23T23:43:26.587455,84.846,30.81,100881.03,0.360,-0.99,2.64,1023
2026-05-23T23:43:26.701970,84.947,30.81,100881.51,0.360,-1.00,2.65,1023
2026-05-23T23:43:26.811992,85.047,30.81,100880.71,0.360,-1.00,2.65,1023
2026-05-23T23:43:26.903137,85.149,30.81,100880.38,0.360,-1.00,2.65,1023
2026-05-23T23:43:27.003136,85.250,30.82,100880.71,0.420,-1.00,2.65,1023
2026-05-23T23:43:27.101661,85.351,30.82,100881.45,0.420,-1.00,2.65,1023
2026-05-23T23:43:27.206172,85.452,30.82,100881.59,0.420,-0.99,2.65,1023
2026-05-23T23:43:27.315648,85.553,30.82,100881.86,0.420,-0.99,2.66,1023
2026-05-23T23:43:27.419891,85.654,30.82,100881.64,0.420,-1.00,2.66,1023
2026-05-23T23:43:27.511032,85.755,30.82,100882.01,0.420,-0.99,2.66,1023
2026-05-23T23:43:27.619018,85.856,30.82,100881.78,0.420,-1.00,2.66,1023
2026-05-23T23:43:27.711728,85.957,30.82,100881.55,0.420,-1.00,2.66,1023
2026-05-23T23:43:27.804732,86.058,30.82,100881.88,0.420,-0.99,2.66,1023
2026-05-23T23:43:27.920075,86.158,30.82,100881.80,0.420,-0.99,2.66,1023
2026-05-23T23:43:28.014216,86.260,30.83,100881.16,0.420,-0.99,2.66,1023
2026-05-23T23:43:28.120726,86.360,30.83,100881.32,0.420,-0.99,2.66,1023
2026-05-23T23:43:28.220236,86.461,30.83,100881.12,0.420,-0.99,2.66,1023
2026-05-23T23:43:28.309772,86.561,30.83,100881.62,0.420,-1.00,2.66,1023
2026-05-23T23:43:28.418868,86.661,30.83,100881.26,0.420,-1.00,2.66,1023
2026-05-23T23:43:28.524346,86.763,30.83,100881.24,0.420,-1.00,2.66,1023
2026-05-23T23:43:28.615807,86.863,30.83,100881.20,0.420,-0.99,2.66,1023
2026-05-23T23:43:28.710062,86.965,30.84,100881.51,0.420,-1.00,2.66,1023
2026-05-23T23:43:28.823089,87.065,30.84,100881.38,0.420,-0.99,2.66,1023
2026-05-23T23:43:28.924633,87.166,30.84,100881.30,0.420,-0.99,2.66,1023
2026-05-23T23:43:29.014633,87.267,30.84,100880.90,0.420,-0.99,2.66,1023
2026-05-23T23:43:29.118660,87.368,30.84,100881.15,0.420,-1.00,2.66,1023
2026-05-23T23:43:29.233660,87.469,30.84,100881.80,0.420,-0.99,2.66,1023
2026-05-23T23:43:29.327689,87.569,30.85,100881.91,0.420,-0.99,2.65,1023
2026-05-23T23:43:29.427045,87.669,30.84,100881.90,0.420,-0.99,2.65,1023
2026-05-23T23:43:29.529226,87.771,30.85,100882.77,0.420,-0.99,2.65,1023
2026-05-23T23:43:29.623971,87.871,30.84,100881.98,0.420,-0.99,2.65,1023
2026-05-23T23:43:29.716230,87.972,30.84,100882.28,0.360,-0.99,2.65,1023
2026-05-23T23:43:29.834573,88.073,30.85,100882.46,0.360,-0.99,2.65,1023
2026-05-23T23:43:29.927139,88.174,30.85,100881.65,0.360,-0.99,2.65,1023
2026-05-23T23:43:30.013235,88.275,30.85,100881.37,0.360,-0.98,2.65,1023
2026-05-23T23:43:30.125336,88.375,30.85,100881.50,0.360,-0.98,2.65,1023
2026-05-23T23:43:30.239607,88.477,30.85,100881.33,0.360,-0.98,2.65,1023
2026-05-23T23:43:30.346149,88.579,30.85,100881.29,0.360,-0.98,2.65,1023
2026-05-23T23:43:30.429312,88.680,30.85,100882.19,0.360,-0.98,2.65,1023
2026-05-23T23:43:30.538858,88.780,30.85,100881.26,0.360,-0.98,2.65,1023
2026-05-23T23:43:30.636087,88.881,30.86,100881.65,0.360,-0.98,2.65,1023
2026-05-23T23:43:30.734819,88.982,30.85,100880.99,0.360,-0.98,2.65,1023
2026-05-23T23:43:30.833404,89.083,30.86,100881.29,0.360,-0.98,2.65,1023
2026-05-23T23:43:30.950534,89.183,30.86,100881.19,0.360,-0.98,2.65,1023
2026-05-23T23:43:31.038535,89.285,30.86,100880.93,0.360,-0.98,2.65,1023
2026-05-23T23:43:31.143719,89.386,30.86,100881.77,0.360,-0.98,2.65,1023
2026-05-23T23:43:31.251419,89.487,30.86,100881.88,0.360,-0.98,2.65,1023
2026-05-23T23:43:31.344150,89.589,30.86,100881.09,0.360,-0.97,2.65,1023
2026-05-23T23:43:31.439060,89.689,30.86,100881.62,0.360,-0.97,2.65,1023
